month,month_label,region,category,revenue,orders,returns,avg_order,net_revenue,return_rate
2024-01,Jan 2024,North America,Electronics,30795,350,33,87.99,27891.33,9.43
2024-01,Jan 2024,North America,Clothing,91820,201,8,456.82,88165.44,3.98
2024-01,Jan 2024,North America,Home & Garden,52194,538,58,97.01,46567.42,10.78
2024-01,Jan 2024,North America,Sports,59131,210,6,281.58,57441.52,2.86
2024-01,Jan 2024,North America,Books,15769,423,44,37.28,14128.68,10.4
2024-01,Jan 2024,North America,Beauty,82969,271,32,306.16,73171.88,11.81
2024-01,Jan 2024,Europe,Electronics,98104,539,45,182.01,89913.55,8.35
2024-01,Jan 2024,Europe,Clothing,86932,554,47,156.92,79556.76,8.48
2024-01,Jan 2024,Europe,Home & Garden,33431,555,65,60.24,29515.4,11.71
2024-01,Jan 2024,Europe,Sports,74150,269,10,275.65,71393.5,3.72
2024-01,Jan 2024,Europe,Books,50773,323,26,157.19,46686.06,8.05
2024-01,Jan 2024,Europe,Beauty,26394,564,47,46.8,24194.4,8.33
2024-01,Jan 2024,Asia Pacific,Electronics,111276,246,7,452.34,108109.62,2.85
2024-01,Jan 2024,Asia Pacific,Clothing,23792,395,31,60.23,21924.87,7.85
2024-01,Jan 2024,Asia Pacific,Home & Garden,58001,425,16,136.47,55817.48,3.76
2024-01,Jan 2024,Asia Pacific,Sports,38483,534,45,72.07,35239.85,8.43
2024-01,Jan 2024,Asia Pacific,Books,32159,114,12,282.1,28773.8,10.53
2024-01,Jan 2024,Asia Pacific,Beauty,107067,467,27,229.27,100876.71,5.78
2024-01,Jan 2024,Latin America,Electronics,92189,185,15,498.32,84714.2,8.11
2024-01,Jan 2024,Latin America,Clothing,24692,481,47,51.33,22279.49,9.77
2024-01,Jan 2024,Latin America,Home & Garden,80697,281,31,287.18,71794.42,11.03
2024-01,Jan 2024,Latin America,Sports,47606,350,13,136.02,45837.74,3.71
2024-01,Jan 2024,Latin America,Books,106387,375,39,283.7,95322.7,10.4
2024-01,Jan 2024,Latin America,Beauty,39300,417,32,94.24,36284.32,7.67
2024-01,Jan 2024,Middle East,Electronics,101807,296,16,343.94,96303.96,5.41
2024-01,Jan 2024,Middle East,Clothing,23571,572,24,41.21,22581.96,4.2
2024-01,Jan 2024,Middle East,Home & Garden,66214,144,4,459.82,64374.72,2.78
2024-01,Jan 2024,Middle East,Sports,17568,423,27,41.53,16446.69,6.38
2024-01,Jan 2024,Middle East,Books,17695,551,17,32.11,17149.13,3.09
2024-01,Jan 2024,Middle East,Beauty,102538,471,45,217.7,92741.5,9.55
2024-02,Feb 2024,North America,Electronics,27666,569,35,48.62,25964.3,6.15
2024-02,Feb 2024,North America,Clothing,119488,107,11,1116.71,107204.19,10.28
2024-02,Feb 2024,North America,Home & Garden,45535,112,4,406.56,43908.76,3.57
2024-02,Feb 2024,North America,Sports,50222,178,14,282.15,46271.9,7.87
2024-02,Feb 2024,North America,Books,25965,541,57,47.99,23229.57,10.54
2024-02,Feb 2024,North America,Beauty,97948,297,15,329.79,93001.15,5.05
2024-02,Feb 2024,Europe,Electronics,105982,472,44,224.54,96102.24,9.32
2024-02,Feb 2024,Europe,Clothing,102897,540,26,190.55,97942.7,4.81
2024-02,Feb 2024,Europe,Home & Garden,65015,320,18,203.17,61357.94,5.62
2024-02,Feb 2024,Europe,Sports,102939,564,29,182.52,97645.92,5.14
2024-02,Feb 2024,Europe,Books,71044,250,12,284.18,67633.84,4.8
2024-02,Feb 2024,Europe,Beauty,70820,239,20,296.32,64893.6,8.37
2024-02,Feb 2024,Asia Pacific,Electronics,108426,165,18,657.13,96597.66,10.91
2024-02,Feb 2024,Asia Pacific,Clothing,79044,107,5,738.73,75350.35,4.67
2024-02,Feb 2024,Asia Pacific,Home & Garden,40939,410,24,99.85,38542.6,5.85
2024-02,Feb 2024,Asia Pacific,Sports,90766,427,26,212.57,85239.18,6.09
2024-02,Feb 2024,Asia Pacific,Books,38776,464,23,83.57,36853.89,4.96
2024-02,Feb 2024,Asia Pacific,Beauty,76373,338,10,225.96,74113.4,2.96
2024-02,Feb 2024,Latin America,Electronics,36959,490,33,75.43,34469.81,6.73
2024-02,Feb 2024,Latin America,Clothing,18748,304,12,61.67,18007.96,3.95
2024-02,Feb 2024,Latin America,Home & Garden,81199,453,22,179.25,77255.5,4.86
2024-02,Feb 2024,Latin America,Sports,83840,192,6,436.67,81219.98,3.12
2024-02,Feb 2024,Latin America,Books,54353,347,18,156.64,51533.48,5.19
2024-02,Feb 2024,Latin America,Beauty,104474,192,8,544.14,100120.88,4.17
2024-02,Feb 2024,Middle East,Electronics,108264,192,22,563.88,95858.64,11.46
2024-02,Feb 2024,Middle East,Clothing,15854,304,26,52.15,14498.1,8.55
2024-02,Feb 2024,Middle East,Home & Garden,61717,209,16,295.3,56992.2,7.66
2024-02,Feb 2024,Middle East,Sports,119095,495,41,240.6,109230.4,8.28
2024-02,Feb 2024,Middle East,Books,67662,282,17,239.94,63583.02,6.03
2024-02,Feb 2024,Middle East,Beauty,27688,373,23,74.23,25980.71,6.17
2024-03,Mar 2024,North America,Electronics,67083,277,18,242.18,62723.76,6.5
2024-03,Mar 2024,North America,Clothing,95623,223,23,428.8,85760.6,10.31
2024-03,Mar 2024,North America,Home & Garden,57107,266,12,214.69,54530.72,4.51
2024-03,Mar 2024,North America,Sports,30708,482,45,63.71,27841.05,9.34
2024-03,Mar 2024,North America,Books,110742,226,13,490.01,104371.87,5.75
2024-03,Mar 2024,North America,Beauty,82270,568,52,144.84,74738.32,9.15
2024-03,Mar 2024,Europe,Electronics,86295,417,43,206.94,77396.58,10.31
2024-03,Mar 2024,Europe,Clothing,16802,552,26,30.44,16010.56,4.71
2024-03,Mar 2024,Europe,Home & Garden,36918,377,20,97.93,34959.4,5.31
2024-03,Mar 2024,Europe,Sports,61843,223,23,277.32,55464.64,10.31
2024-03,Mar 2024,Europe,Books,31371,81,9,387.3,27885.3,11.11
2024-03,Mar 2024,Europe,Beauty,35932,116,12,309.76,32214.88,10.34
2024-03,Mar 2024,Asia Pacific,Electronics,87694,88,4,996.52,83707.92,4.55
2024-03,Mar 2024,Asia Pacific,Clothing,57642,287,31,200.84,51415.96,10.8
2024-03,Mar 2024,Asia Pacific,Home & Garden,21295,133,13,160.11,19213.57,9.77
2024-03,Mar 2024,Asia Pacific,Sports,27183,499,55,54.47,24187.15,11.02
2024-03,Mar 2024,Asia Pacific,Books,76267,333,10,229.03,73976.7,3.0
2024-03,Mar 2024,Asia Pacific,Beauty,17557,552,49,31.81,15998.31,8.88
2024-03,Mar 2024,Latin America,Electronics,83497,417,30,200.23,77490.1,7.19
2024-03,Mar 2024,Latin America,Clothing,76135,240,7,317.23,73914.39,2.92
2024-03,Mar 2024,Latin America,Home & Garden,106412,583,51,182.52,97103.48,8.75
2024-03,Mar 2024,Latin America,Sports,61214,274,24,223.41,55852.16,8.76
2024-03,Mar 2024,Latin America,Books,59064,539,40,109.58,54680.8,7.42
2024-03,Mar 2024,Latin America,Beauty,60525,454,23,133.31,57458.87,5.07
2024-03,Mar 2024,Middle East,Electronics,94909,309,20,307.15,88766.0,6.47
2024-03,Mar 2024,Middle East,Clothing,91213,362,25,251.97,84913.75,6.91
2024-03,Mar 2024,Middle East,Home & Garden,63404,363,32,174.67,57814.56,8.82
2024-03,Mar 2024,Middle East,Sports,20600,532,26,38.72,19593.28,4.89
2024-03,Mar 2024,Middle East,Books,89543,595,19,150.49,86683.69,3.19
2024-03,Mar 2024,Middle East,Beauty,88744,251,28,353.56,78844.32,11.16
2024-04,Apr 2024,North America,Electronics,58484,125,14,467.87,51933.82,11.2
2024-04,Apr 2024,North America,Clothing,62202,116,13,536.22,55231.14,11.21
2024-04,Apr 2024,North America,Home & Garden,111752,381,44,293.31,98846.36,11.55
2024-04,Apr 2024,North America,Sports,81235,195,11,416.59,76652.51,5.64
2024-04,Apr 2024,North America,Books,116279,240,14,484.5,109496.0,5.83
2024-04,Apr 2024,North America,Beauty,41641,402,32,103.58,38326.44,7.96
2024-04,Apr 2024,Europe,Electronics,51631,367,33,140.68,46988.56,8.99
2024-04,Apr 2024,Europe,Clothing,33070,234,13,141.32,31232.84,5.56
2024-04,Apr 2024,Europe,Home & Garden,60017,183,16,327.96,54769.64,8.74
2024-04,Apr 2024,Europe,Sports,93069,255,20,364.98,85769.4,7.84
2024-04,Apr 2024,Europe,Books,20801,487,54,42.71,18494.66,11.09
2024-04,Apr 2024,Europe,Beauty,102545,115,11,891.7,92736.3,9.57
2024-04,Apr 2024,Asia Pacific,Electronics,17368,591,38,29.39,16251.18,6.43
2024-04,Apr 2024,Asia Pacific,Clothing,91429,550,17,166.23,88603.09,3.09
2024-04,Apr 2024,Asia Pacific,Home & Garden,47097,130,9,362.28,43836.48,6.92
2024-04,Apr 2024,Asia Pacific,Sports,64726,269,15,240.62,61116.7,5.58
2024-04,Apr 2024,Asia Pacific,Books,70609,421,22,167.72,66919.16,5.23
2024-04,Apr 2024,Asia Pacific,Beauty,85313,133,10,641.45,78898.5,7.52
2024-04,Apr 2024,Latin America,Electronics,107772,343,34,314.2,97089.2,9.91
2024-04,Apr 2024,Latin America,Clothing,18051,84,5,214.89,16976.55,5.95
2024-04,Apr 2024,Latin America,Home & Garden,69021,429,33,160.89,63711.63,7.69
2024-04,Apr 2024,Latin America,Sports,54734,348,40,157.28,48442.8,11.49
2024-04,Apr 2024,Latin America,Books,98613,199,10,495.54,93657.6,5.03
2024-04,Apr 2024,Latin America,Beauty,43251,137,5,315.7,41672.5,3.65
2024-04,Apr 2024,Middle East,Electronics,105852,553,64,191.41,93601.76,11.57
2024-04,Apr 2024,Middle East,Clothing,66990,206,19,325.19,60811.39,9.22
2024-04,Apr 2024,Middle East,Home & Garden,89740,137,15,655.04,79914.4,10.95
2024-04,Apr 2024,Middle East,Sports,61175,197,18,310.53,55585.46,9.14
2024-04,Apr 2024,Middle East,Books,60543,316,17,191.59,57285.97,5.38
2024-04,Apr 2024,Middle East,Beauty,18343,268,25,68.44,16632.0,9.33
2024-05,May 2024,North America,Electronics,24662,326,11,75.65,23829.85,3.37
2024-05,May 2024,North America,Clothing,82215,514,50,159.95,74217.5,9.73
2024-05,May 2024,North America,Home & Garden,99664,364,14,273.8,95830.8,3.85
2024-05,May 2024,North America,Sports,69340,126,4,550.32,67138.72,3.17
2024-05,May 2024,North America,Books,110981,532,38,208.61,103053.82,7.14
2024-05,May 2024,North America,Beauty,50247,420,30,119.64,46657.8,7.14
2024-05,May 2024,Europe,Electronics,77752,333,22,233.49,72615.22,6.61
2024-05,May 2024,Europe,Clothing,41646,179,6,232.66,40250.04,3.35
2024-05,May 2024,Europe,Home & Garden,55158,521,39,105.87,51029.07,7.49
2024-05,May 2024,Europe,Sports,56975,404,36,141.03,51897.92,8.91
2024-05,May 2024,Europe,Books,42663,415,36,102.8,38962.2,8.67
2024-05,May 2024,Europe,Beauty,109704,239,27,459.01,97310.73,11.3
2024-05,May 2024,Asia Pacific,Electronics,33071,459,19,72.05,31702.05,4.14
2024-05,May 2024,Asia Pacific,Clothing,85588,506,58,169.15,75777.3,11.46
2024-05,May 2024,Asia Pacific,Home & Garden,112856,496,43,227.53,103072.20999999999,8.67
2024-05,May 2024,Asia Pacific,Sports,97986,364,13,269.19,94486.53,3.57
2024-05,May 2024,Asia Pacific,Books,53494,381,12,140.4,51809.2,3.15
2024-05,May 2024,Asia Pacific,Beauty,107658,114,6,944.37,101991.78,5.26
2024-05,May 2024,Latin America,Electronics,109297,497,26,219.91,103579.34,5.23
2024-05,May 2024,Latin America,Clothing,35358,275,25,128.57,32143.75,9.09
2024-05,May 2024,Latin America,Home & Garden,53513,572,65,93.55,47432.25,11.36
2024-05,May 2024,Latin America,Sports,22543,499,33,45.18,21052.06,6.61
2024-05,May 2024,Latin America,Books,104084,473,32,220.05,97042.4,6.77
2024-05,May 2024,Latin America,Beauty,50735,271,22,187.21,46616.38,8.12
2024-05,May 2024,Middle East,Electronics,98042,175,10,560.24,92439.6,5.71
2024-05,May 2024,Middle East,Clothing,22357,116,5,192.73,21393.35,4.31
2024-05,May 2024,Middle East,Home & Garden,35150,358,35,98.18,31713.7,9.78
2024-05,May 2024,Middle East,Sports,36352,352,27,103.27,33563.71,7.67
2024-05,May 2024,Middle East,Books,56555,421,23,134.33,53465.41,5.46
2024-05,May 2024,Middle East,Beauty,54954,256,8,214.66,53236.72,3.12
2024-06,Jun 2024,North America,Electronics,78932,312,33,252.99,70583.33,10.58
2024-06,Jun 2024,North America,Clothing,84896,534,62,158.98,75039.24,11.61
2024-06,Jun 2024,North America,Home & Garden,66934,463,33,144.57,62163.19,7.13
2024-06,Jun 2024,North America,Sports,75921,446,16,170.23,73197.32,3.59
2024-06,Jun 2024,North America,Books,117795,104,8,1132.64,108733.88,7.69
2024-06,Jun 2024,North America,Beauty,102508,563,64,182.07,90855.52,11.37
2024-06,Jun 2024,Europe,Electronics,81703,118,4,692.4,78933.4,3.39
2024-06,Jun 2024,Europe,Clothing,36545,265,9,137.91,35303.81,3.4
2024-06,Jun 2024,Europe,Home & Garden,118033,212,20,556.76,106897.8,9.43
2024-06,Jun 2024,Europe,Sports,89460,314,29,284.9,81197.9,9.24
2024-06,Jun 2024,Europe,Books,118150,88,8,1342.61,107409.12,9.09
2024-06,Jun 2024,Europe,Beauty,115843,332,35,348.92,103630.8,10.54
2024-06,Jun 2024,Asia Pacific,Electronics,36677,247,9,148.49,35340.59,3.64
2024-06,Jun 2024,Asia Pacific,Clothing,108105,273,10,395.99,104145.1,3.66
2024-06,Jun 2024,Asia Pacific,Home & Garden,69693,418,34,166.73,64024.18,8.13
2024-06,Jun 2024,Asia Pacific,Sports,57348,421,43,136.22,51490.54,10.21
2024-06,Jun 2024,Asia Pacific,Books,72854,406,48,179.44,64240.880000000005,11.82
2024-06,Jun 2024,Asia Pacific,Beauty,106267,149,13,713.2,96995.4,8.72
2024-06,Jun 2024,Latin America,Electronics,49578,524,33,94.61,46455.87,6.3
2024-06,Jun 2024,Latin America,Clothing,41790,170,8,245.82,39823.44,4.71
2024-06,Jun 2024,Latin America,Home & Garden,108714,118,8,921.31,101343.52,6.78
2024-06,Jun 2024,Latin America,Sports,101188,299,24,338.42,93065.92,8.03
2024-06,Jun 2024,Latin America,Books,45355,555,54,81.72,40942.12,9.73
2024-06,Jun 2024,Latin America,Beauty,40470,440,42,91.98,36606.84,9.55
2024-06,Jun 2024,Middle East,Electronics,54298,427,49,127.16,48067.16,11.48
2024-06,Jun 2024,Middle East,Clothing,114518,587,32,195.09,108275.12,5.45
2024-06,Jun 2024,Middle East,Home & Garden,48591,196,22,247.91,43136.98,11.22
2024-06,Jun 2024,Middle East,Sports,51395,252,8,203.95,49763.4,3.17
2024-06,Jun 2024,Middle East,Books,35559,292,34,121.78,31418.48,11.64
2024-06,Jun 2024,Middle East,Beauty,36732,306,28,120.04,33370.88,9.15
2024-07,Jul 2024,North America,Electronics,86726,312,15,277.97,82556.45,4.81
2024-07,Jul 2024,North America,Clothing,67638,592,51,114.25,61811.25,8.61
2024-07,Jul 2024,North America,Home & Garden,83866,550,18,152.48,81121.36,3.27
2024-07,Jul 2024,North America,Sports,93859,409,47,229.48,83073.44,11.49
2024-07,Jul 2024,North America,Books,36447,437,31,83.4,33861.6,7.09
2024-07,Jul 2024,North America,Beauty,81203,452,24,179.65,76891.4,5.31
2024-07,Jul 2024,Europe,Electronics,61427,169,10,363.47,57792.3,5.92
2024-07,Jul 2024,Europe,Clothing,46921,120,6,391.01,44574.94,5.0
2024-07,Jul 2024,Europe,Home & Garden,119346,581,19,205.41,115443.21,3.27
2024-07,Jul 2024,Europe,Sports,53088,540,49,98.31,48270.81,9.07
2024-07,Jul 2024,Europe,Books,97844,332,38,294.71,86645.02,11.45
2024-07,Jul 2024,Europe,Beauty,71178,335,27,212.47,65441.31,8.06
2024-07,Jul 2024,Asia Pacific,Electronics,90672,529,19,171.4,87415.4,3.59
2024-07,Jul 2024,Asia Pacific,Clothing,73141,321,25,227.85,67444.75,7.79
2024-07,Jul 2024,Asia Pacific,Home & Garden,52892,198,13,267.13,49419.31,6.57
2024-07,Jul 2024,Asia Pacific,Sports,76813,144,10,533.42,71478.8,6.94
2024-07,Jul 2024,Asia Pacific,Books,77292,361,23,214.11,72367.47,6.37
2024-07,Jul 2024,Asia Pacific,Beauty,35309,540,19,65.39,34066.59,3.52
2024-07,Jul 2024,Latin America,Electronics,90880,178,7,510.56,87306.08,3.93
2024-07,Jul 2024,Latin America,Clothing,15404,597,55,25.8,13985.0,9.21
2024-07,Jul 2024,Latin America,Home & Garden,75100,516,42,145.54,68987.32,8.14
2024-07,Jul 2024,Latin America,Sports,84172,537,34,156.74,78842.84,6.33
2024-07,Jul 2024,Latin America,Books,71397,536,22,133.2,68466.6,4.1
2024-07,Jul 2024,Latin America,Beauty,60106,525,57,114.49,53580.07,10.86
2024-07,Jul 2024,Middle East,Electronics,60543,113,7,535.78,56792.54,6.19
2024-07,Jul 2024,Middle East,Clothing,22239,233,17,95.45,20616.35,7.3
2024-07,Jul 2024,Middle East,Home & Garden,76877,197,20,390.24,69072.2,10.15
2024-07,Jul 2024,Middle East,Sports,47049,347,35,135.59,42303.35,10.09
2024-07,Jul 2024,Middle East,Books,88963,468,17,190.09,85731.47,3.63
2024-07,Jul 2024,Middle East,Beauty,52626,480,20,109.64,50433.2,4.17
2024-08,Aug 2024,North America,Electronics,34758,286,28,121.53,31355.16,9.79
2024-08,Aug 2024,North America,Clothing,92709,154,7,602.01,88494.93,4.55
2024-08,Aug 2024,North America,Home & Garden,96317,385,31,250.17,88561.73,8.05
2024-08,Aug 2024,North America,Sports,21941,414,28,53.0,20457.0,6.76
2024-08,Aug 2024,North America,Books,76886,387,30,198.67,70925.9,7.75
2024-08,Aug 2024,North America,Beauty,71800,414,27,173.43,67117.39,6.52
2024-08,Aug 2024,Europe,Electronics,85390,185,19,461.57,76620.17,10.27
2024-08,Aug 2024,Europe,Clothing,118196,217,24,544.68,105123.68,11.06
2024-08,Aug 2024,Europe,Home & Garden,102369,587,21,174.39,98706.81,3.58
2024-08,Aug 2024,Europe,Sports,117468,132,8,889.91,110348.72,6.06
2024-08,Aug 2024,Europe,Books,119573,122,6,980.11,113692.34,4.92
2024-08,Aug 2024,Europe,Beauty,21254,262,21,81.12,19550.48,8.02
2024-08,Aug 2024,Asia Pacific,Electronics,21090,453,42,46.56,19134.48,9.27
2024-08,Aug 2024,Asia Pacific,Clothing,73243,439,40,166.84,66569.4,9.11
2024-08,Aug 2024,Asia Pacific,Home & Garden,56240,274,29,205.26,50287.46,10.58
2024-08,Aug 2024,Asia Pacific,Sports,48434,172,20,281.59,42802.2,11.63
2024-08,Aug 2024,Asia Pacific,Books,43732,130,4,336.4,42386.4,3.08
2024-08,Aug 2024,Asia Pacific,Beauty,102044,545,30,187.24,96426.8,5.5
2024-08,Aug 2024,Latin America,Electronics,51668,484,38,106.75,47611.5,7.85
2024-08,Aug 2024,Latin America,Clothing,119680,425,46,281.6,106726.4,10.82
2024-08,Aug 2024,Latin America,Home & Garden,106865,152,5,703.06,103349.7,3.29
2024-08,Aug 2024,Latin America,Sports,37574,200,18,187.87,34192.34,9.0
2024-08,Aug 2024,Latin America,Books,70645,186,20,379.81,63048.8,10.75
2024-08,Aug 2024,Latin America,Beauty,67796,416,22,162.97,64210.66,5.29
2024-08,Aug 2024,Middle East,Electronics,94104,87,8,1081.66,85450.72,9.2
2024-08,Aug 2024,Middle East,Clothing,65428,382,24,171.28,61317.28,6.28
2024-08,Aug 2024,Middle East,Home & Garden,23717,553,54,42.89,21400.94,9.76
2024-08,Aug 2024,Middle East,Sports,82661,295,27,280.21,75095.33,9.15
2024-08,Aug 2024,Middle East,Books,19621,391,16,50.18,18818.12,4.09
2024-08,Aug 2024,Middle East,Beauty,20122,442,34,45.52,18574.32,7.69
2024-09,Sep 2024,North America,Electronics,103869,94,3,1104.99,100554.03,3.19
2024-09,Sep 2024,North America,Clothing,53518,564,26,94.89,51050.86,4.61
2024-09,Sep 2024,North America,Home & Garden,16062,352,17,45.63,15286.29,4.83
2024-09,Sep 2024,North America,Sports,71793,205,8,350.21,68991.32,3.9
2024-09,Sep 2024,North America,Books,119592,291,21,410.97,110961.63,7.22
2024-09,Sep 2024,North America,Beauty,22561,146,12,154.53,20706.64,8.22
2024-09,Sep 2024,Europe,Electronics,41734,307,24,135.94,38471.44,7.82
2024-09,Sep 2024,Europe,Clothing,94905,448,36,211.84,87278.76,8.04
2024-09,Sep 2024,Europe,Home & Garden,96449,504,30,191.37,90707.9,5.95
2024-09,Sep 2024,Europe,Sports,99659,361,30,276.06,91377.2,8.31
2024-09,Sep 2024,Europe,Books,90703,394,46,230.21,80113.34,11.68
2024-09,Sep 2024,Europe,Beauty,18812,456,23,41.25,17863.25,5.04
2024-09,Sep 2024,Asia Pacific,Electronics,42285,356,15,118.78,40503.3,4.21
2024-09,Sep 2024,Asia Pacific,Clothing,86158,595,63,144.8,77035.6,10.59
2024-09,Sep 2024,Asia Pacific,Home & Garden,91125,216,8,421.88,87749.96,3.7
2024-09,Sep 2024,Asia Pacific,Sports,39818,119,11,334.61,36137.29,9.24
2024-09,Sep 2024,Asia Pacific,Books,24111,302,33,79.84,21476.28,10.93
2024-09,Sep 2024,Asia Pacific,Beauty,56427,154,16,366.41,50564.44,10.39
2024-09,Sep 2024,Latin America,Electronics,15117,583,55,25.93,13690.85,9.43
2024-09,Sep 2024,Latin America,Clothing,118864,273,21,435.4,109720.6,7.69
2024-09,Sep 2024,Latin America,Home & Garden,94239,105,5,897.51,89751.45,4.76
2024-09,Sep 2024,Latin America,Sports,112579,405,47,277.97,99514.41,11.6
2024-09,Sep 2024,Latin America,Books,79323,304,29,260.93,71756.03,9.54
2024-09,Sep 2024,Latin America,Beauty,119587,80,6,1494.84,110617.96,7.5
2024-09,Sep 2024,Middle East,Electronics,57533,218,24,263.91,51199.16,11.01
2024-09,Sep 2024,Middle East,Clothing,62362,89,7,700.7,57457.1,7.87
2024-09,Sep 2024,Middle East,Home & Garden,24865,251,12,99.06,23676.28,4.78
2024-09,Sep 2024,Middle East,Sports,20287,400,16,50.72,19475.48,4.0
2024-09,Sep 2024,Middle East,Books,34216,498,30,68.71,32154.7,6.02
2024-09,Sep 2024,Middle East,Beauty,98524,397,38,248.17,89093.54000000001,9.57
2024-10,Oct 2024,North America,Electronics,57929,413,47,140.26,51336.78,11.38
2024-10,Oct 2024,North America,Clothing,116834,216,10,540.9,111425.0,4.63
2024-10,Oct 2024,North America,Home & Garden,88698,592,57,149.83,80157.69,9.63
2024-10,Oct 2024,North America,Sports,58925,428,18,137.68,56446.76,4.21
2024-10,Oct 2024,North America,Books,56832,308,14,184.52,54248.72,4.55
2024-10,Oct 2024,North America,Beauty,103861,370,16,280.71,99369.64,4.32
2024-10,Oct 2024,Europe,Electronics,34282,458,39,74.85,31362.85,8.52
2024-10,Oct 2024,Europe,Clothing,35611,121,7,294.31,33550.83,5.79
2024-10,Oct 2024,Europe,Home & Garden,58303,374,35,155.89,52846.85,9.36
2024-10,Oct 2024,Europe,Sports,54711,501,39,109.2,50452.2,7.78
2024-10,Oct 2024,Europe,Books,117974,222,18,531.41,108408.62,8.11
2024-10,Oct 2024,Europe,Beauty,82728,304,19,272.13,77557.53,6.25
2024-10,Oct 2024,Asia Pacific,Electronics,33381,183,15,182.41,30644.85,8.2
2024-10,Oct 2024,Asia Pacific,Clothing,82506,277,31,297.86,73272.34,11.19
2024-10,Oct 2024,Asia Pacific,Home & Garden,111646,258,15,432.74,105154.9,5.81
2024-10,Oct 2024,Asia Pacific,Sports,102487,579,58,177.01,92220.42,10.02
2024-10,Oct 2024,Asia Pacific,Books,86324,368,28,234.58,79755.76,7.61
2024-10,Oct 2024,Asia Pacific,Beauty,24446,499,59,48.99,21555.59,11.82
2024-10,Oct 2024,Latin America,Electronics,112720,176,16,640.45,102472.8,9.09
2024-10,Oct 2024,Latin America,Clothing,47154,368,12,128.14,45616.32,3.26
2024-10,Oct 2024,Latin America,Home & Garden,34029,596,64,57.1,30374.6,10.74
2024-10,Oct 2024,Latin America,Sports,58872,197,20,298.84,52895.2,10.15
2024-10,Oct 2024,Latin America,Books,38710,307,21,126.09,36062.11,6.84
2024-10,Oct 2024,Latin America,Beauty,79435,94,9,845.05,71829.55,9.57
2024-10,Oct 2024,Middle East,Electronics,79772,236,11,338.02,76053.78,4.66
2024-10,Oct 2024,Middle East,Clothing,116195,209,6,555.96,112859.24,2.87
2024-10,Oct 2024,Middle East,Home & Garden,115978,371,35,312.61,105036.65,9.43
2024-10,Oct 2024,Middle East,Sports,115420,90,10,1282.44,102595.6,11.11
2024-10,Oct 2024,Middle East,Books,91325,213,14,428.76,85322.36,6.57
2024-10,Oct 2024,Middle East,Beauty,15814,425,48,37.21,14027.92,11.29
2024-11,Nov 2024,North America,Electronics,17443,297,24,58.73,16033.48,8.08
2024-11,Nov 2024,North America,Clothing,32368,539,21,60.05,31106.95,3.9
2024-11,Nov 2024,North America,Home & Garden,95879,403,40,237.91,86362.6,9.93
2024-11,Nov 2024,North America,Sports,68028,206,9,330.23,65055.93,4.37
2024-11,Nov 2024,North America,Books,80310,457,16,175.73,77498.32,3.5
2024-11,Nov 2024,North America,Beauty,101066,108,4,935.8,97322.8,3.7
2024-11,Nov 2024,Europe,Electronics,83904,486,19,172.64,80623.84,3.91
2024-11,Nov 2024,Europe,Clothing,37116,484,21,76.69,35505.51,4.34
2024-11,Nov 2024,Europe,Home & Garden,62523,261,27,239.55,56055.15,10.34
2024-11,Nov 2024,Europe,Sports,116376,450,37,258.61,106807.43,8.22
2024-11,Nov 2024,Europe,Books,83244,510,17,163.22,80469.26,3.33
2024-11,Nov 2024,Europe,Beauty,112416,281,28,400.06,101214.32,9.96
2024-11,Nov 2024,Asia Pacific,Electronics,117516,323,25,363.83,108420.25,7.74
2024-11,Nov 2024,Asia Pacific,Clothing,88509,465,33,190.34,82227.78,7.1
2024-11,Nov 2024,Asia Pacific,Home & Garden,23666,497,55,47.62,21046.9,11.07
2024-11,Nov 2024,Asia Pacific,Sports,21783,258,13,84.43,20685.41,5.04
2024-11,Nov 2024,Asia Pacific,Books,82526,259,17,318.63,77109.29,6.56
2024-11,Nov 2024,Asia Pacific,Beauty,102895,240,15,428.73,96464.05,6.25
2024-11,Nov 2024,Latin America,Electronics,109270,235,11,464.98,104155.22,4.68
2024-11,Nov 2024,Latin America,Clothing,42696,163,11,261.94,39814.66,6.75
2024-11,Nov 2024,Latin America,Home & Garden,117547,421,15,279.21,113358.85,3.56
2024-11,Nov 2024,Latin America,Sports,90452,439,33,206.04,83652.68,7.52
2024-11,Nov 2024,Latin America,Books,90520,220,14,411.45,84759.7,6.36
2024-11,Nov 2024,Latin America,Beauty,17482,397,19,44.04,16645.24,4.79
2024-11,Nov 2024,Middle East,Electronics,74676,384,12,194.47,72342.36,3.12
2024-11,Nov 2024,Middle East,Clothing,105397,223,18,472.63,96889.66,8.07
2024-11,Nov 2024,Middle East,Home & Garden,33449,450,31,74.33,31144.77,6.89
2024-11,Nov 2024,Middle East,Sports,43865,581,40,75.5,40845.0,6.88
2024-11,Nov 2024,Middle East,Books,41737,301,24,138.66,38409.16,7.97
2024-11,Nov 2024,Middle East,Beauty,80155,343,36,233.69,71742.16,10.5
2024-12,Dec 2024,North America,Electronics,55806,537,59,103.92,49674.72,10.99
2024-12,Dec 2024,North America,Clothing,67603,166,19,407.25,59865.25,11.45
2024-12,Dec 2024,North America,Home & Garden,41399,257,27,161.09,37049.57,10.51
2024-12,Dec 2024,North America,Sports,91534,522,39,175.35,84695.35,7.47
2024-12,Dec 2024,North America,Books,89055,133,8,669.59,83698.28,6.02
2024-12,Dec 2024,North America,Beauty,83836,130,11,644.89,76742.21,8.46
2024-12,Dec 2024,Europe,Electronics,116358,343,13,339.24,111947.88,3.79
2024-12,Dec 2024,Europe,Clothing,49911,167,15,298.87,45427.95,8.98
2024-12,Dec 2024,Europe,Home & Garden,75535,570,66,132.52,66788.68,11.58
2024-12,Dec 2024,Europe,Sports,69771,244,10,285.95,66911.5,4.1
2024-12,Dec 2024,Europe,Books,101925,86,7,1185.17,93628.81,8.14
2024-12,Dec 2024,Europe,Beauty,31032,230,24,134.92,27793.92,10.43
2024-12,Dec 2024,Asia Pacific,Electronics,35079,460,50,76.26,31266.0,10.87
2024-12,Dec 2024,Asia Pacific,Clothing,65460,161,17,406.58,58548.14,10.56
2024-12,Dec 2024,Asia Pacific,Home & Garden,38236,465,29,82.23,35851.33,6.24
2024-12,Dec 2024,Asia Pacific,Sports,91918,475,49,193.51,82436.01,10.32
2024-12,Dec 2024,Asia Pacific,Books,48572,335,26,144.99,44802.26,7.76
2024-12,Dec 2024,Asia Pacific,Beauty,77516,579,68,133.88,68412.16,11.74
2024-12,Dec 2024,Latin America,Electronics,32771,359,14,91.28,31493.08,3.9
2024-12,Dec 2024,Latin America,Clothing,63285,138,15,458.59,56406.15,10.87
2024-12,Dec 2024,Latin America,Home & Garden,101143,194,14,521.36,93843.96,7.22
2024-12,Dec 2024,Latin America,Sports,93344,316,20,295.39,87436.2,6.33
2024-12,Dec 2024,Latin America,Books,38752,357,37,108.55,34735.65,10.36
2024-12,Dec 2024,Latin America,Beauty,70961,521,57,136.2,63197.6,10.94
2024-12,Dec 2024,Middle East,Electronics,89532,154,16,581.38,80229.92,10.39
2024-12,Dec 2024,Middle East,Clothing,76268,121,9,630.31,70595.21,7.44
2024-12,Dec 2024,Middle East,Home & Garden,46653,113,9,412.86,42937.26,7.96
2024-12,Dec 2024,Middle East,Sports,112432,457,43,246.02,101853.14,9.41
2024-12,Dec 2024,Middle East,Books,63756,421,17,151.44,61181.52,4.04
2024-12,Dec 2024,Middle East,Beauty,96182,247,12,389.4,91509.2,4.86
